term_ID,description,frequency,plot_X,plot_Y,plot_size,uniqueness,dispensability,representative,eliminated
GO:0000003,"reproduction",0.769%,-1.110,-0.808,4.994,1.000,0.000,3,0
GO:0002252,"immune effector process",0.185%,-2.777,-0.253,4.375,0.967,0.000,2252,0
GO:0006458,"'de novo' protein folding",0.027%,-0.068,-0.022,3.543,0.970,0.000,6458,0
GO:0008283,"cell proliferation",0.394%,-0.549,-0.970,4.704,0.906,0.000,8283,0
GO:0009629,"response to gravity",0.006%, 0.800,-5.091,2.909,0.933,0.000,9629,0
GO:0022414,"reproductive process",0.736%,-1.745, 0.241,4.975,0.890,0.000,22414,0
GO:0044703,"multi-organism reproductive process",0.335%,null,null,4.633,0.874,0.911,22414,1
GO:0048515,"spermatid differentiation",0.036%,null,null,3.665,0.490,0.934,22414,1
GO:0003006,"developmental process involved in reproduction",0.296%,null,null,4.580,0.575,0.900,22414,1
GO:0016325,"oocyte microtubule cytoskeleton organization",0.002%,null,null,2.334,0.502,0.868,22414,1
GO:0007286,"spermatid development",0.034%,null,null,3.643,0.481,0.930,22414,1
GO:0007292,"female gamete generation",0.060%,null,null,3.890,0.581,0.784,22414,1
GO:0007308,"oocyte construction",0.007%,null,null,2.976,0.516,0.938,22414,1
GO:0048609,"multicellular organismal reproductive process",0.197%,null,null,4.403,0.605,0.973,22414,1
GO:0048599,"oocyte development",0.018%,null,null,3.366,0.495,0.803,22414,1
GO:0007309,"oocyte axis specification",0.007%,null,null,2.963,0.489,0.937,22414,1
GO:0007314,"oocyte anterior/posterior axis specification",0.005%,null,null,2.800,0.490,0.978,22414,1
GO:0019953,"sexual reproduction",0.275%,null,null,4.548,0.865,0.894,22414,1
GO:0007281,"germ cell development",0.093%,null,null,4.079,0.454,0.926,22414,1
GO:0007283,"spermatogenesis",0.091%,null,null,4.068,0.570,0.924,22414,1
GO:0007276,"gamete generation",0.159%,null,null,4.309,0.559,0.921,22414,1
GO:0009994,"oocyte differentiation",0.020%,null,null,3.412,0.494,0.878,22414,1
GO:0048477,"oogenesis",0.054%,null,null,3.841,0.468,0.943,22414,1
GO:0008103,"oocyte microtubule cytoskeleton polarization",0.001%,null,null,2.127,0.488,0.907,22414,1
GO:0032504,"multicellular organism reproduction",0.207%,null,null,4.425,0.620,0.871,22414,1
GO:0022412,"cellular process involved in reproduction in multicellular organism",0.107%,null,null,4.136,0.548,0.928,22414,1
GO:0048232,"male gamete generation",0.093%,null,null,4.079,0.571,0.926,22414,1
GO:0040008,"regulation of growth",0.172%, 2.732,-6.045,4.343,0.873,0.000,40008,0
GO:0046620,"regulation of organ growth",0.020%,null,null,3.403,0.527,0.770,40008,1
GO:0040011,"locomotion",0.997%,-0.420,-0.329,5.107,0.994,0.000,40011,0
GO:0042273,"ribosomal large subunit biogenesis",0.151%, 5.219, 1.639,4.287,0.884,0.000,42273,0
GO:0044419,"interspecies interaction between organisms",0.262%,-2.086, 0.204,4.526,0.899,0.000,44419,0
GO:0016032,"viral process",0.131%,null,null,4.226,0.876,0.772,44419,1
GO:0019080,"viral gene expression",0.015%,null,null,3.297,0.882,0.933,44419,1
GO:0019083,"viral transcription",0.012%,null,null,3.203,0.874,0.816,44419,1
GO:0044403,"symbiosis, encompassing mutualism through parasitism",0.168%,null,null,4.335,0.899,0.911,44419,1
GO:0050955,"thermoception",0.001%,-6.586,-2.700,2.076,0.734,0.000,50955,0
GO:0050960,"detection of temperature stimulus involved in thermoception",0.000%,null,null,1.740,0.696,0.802,50955,1
GO:0051704,"multi-organism process",0.751%,-2.085, 0.123,4.984,0.994,0.000,51704,0
GO:1990542,"mitochondrial transmembrane transport",0.079%, 2.217,-1.231,4.006,0.964,0.000,1990542,0
GO:0039703,"RNA replication",0.006%,-0.883, 1.784,2.920,0.957,0.018,39703,0
GO:0061351,"neural precursor cell proliferation",0.033%,-0.939,-2.321,3.624,0.907,0.060,61351,0
GO:0008037,"cell recognition",0.067%,-1.176, 6.079,3.931,0.854,0.064,8037,0
GO:0030166,"proteoglycan biosynthetic process",0.022%, 0.139, 1.464,3.448,0.949,0.078,30166,0
GO:0044282,"small molecule catabolic process",1.273%, 2.344, 4.130,5.213,0.856,0.083,44282,0
GO:0008356,"asymmetric cell division",0.012%,-0.194, 4.235,3.175,0.848,0.114,8356,0
GO:0007163,"establishment or maintenance of cell polarity",0.099%,-0.329, 5.652,4.102,0.850,0.131,7163,0
GO:0030029,"actin filament-based process",0.398%,-0.238, 5.357,4.708,0.835,0.150,30029,0
GO:0002181,"cytoplasmic translation",0.064%, 0.677, 2.747,3.915,0.941,0.168,2181,0
GO:0012501,"programmed cell death",0.430%,-0.297, 6.635,4.742,0.805,0.170,12501,0
GO:0010623,"programmed cell death involved in cell development",0.011%,null,null,3.168,0.563,0.738,12501,1
GO:0043065,"positive regulation of apoptotic process",0.105%,null,null,4.130,0.737,0.871,12501,1
GO:0043067,"regulation of programmed cell death",0.322%,null,null,4.616,0.733,0.983,12501,1
GO:0043068,"positive regulation of programmed cell death",0.109%,null,null,4.144,0.737,0.990,12501,1
GO:1900117,"regulation of execution phase of apoptosis",0.005%,null,null,2.828,0.793,0.700,12501,1
GO:0010942,"positive regulation of cell death",0.114%,null,null,4.165,0.737,0.877,12501,1
GO:0010941,"regulation of cell death",0.344%,null,null,4.645,0.733,0.964,12501,1
GO:0042981,"regulation of apoptotic process",0.313%,null,null,4.604,0.734,0.956,12501,1
GO:0008219,"cell death",0.458%,-0.086, 5.853,4.769,0.834,0.173,8219,0
GO:0043467,"regulation of generation of precursor metabolites and energy",0.030%, 3.452,-5.495,3.578,0.849,0.183,43467,0
GO:0006885,"regulation of pH",0.066%, 1.644,-6.906,3.931,0.851,0.184,6885,0
GO:0045851,"pH reduction",0.015%,null,null,3.285,0.863,0.878,6885,1
GO:0055067,"monovalent inorganic cation homeostasis",0.084%,null,null,4.033,0.854,0.772,6885,1
GO:0051453,"regulation of intracellular pH",0.028%,null,null,3.551,0.766,0.913,6885,1
GO:0051452,"intracellular pH reduction",0.015%,null,null,3.271,0.774,0.959,6885,1
GO:0030004,"cellular monovalent inorganic cation homeostasis",0.042%,null,null,3.729,0.761,0.937,6885,1
GO:0030641,"regulation of cellular pH",0.028%,null,null,3.560,0.766,0.951,6885,1
GO:0006928,"movement of cell or subcellular component",0.973%, 0.019, 5.590,5.097,0.824,0.187,6928,0
GO:0000278,"mitotic cell cycle",0.561%,-0.011, 7.278,4.857,0.804,0.190,278,0
GO:0000910,"cytokinesis",0.315%,null,null,4.606,0.799,0.712,278,1
GO:0022402,"cell cycle process",1.053%,null,null,5.131,0.795,0.800,278,1
GO:0098586,"cellular response to virus",0.013%, 0.726,-4.772,3.236,0.928,0.199,98586,0
GO:0051301,"cell division",1.230%,-0.006, 6.971,5.198,0.821,0.207,51301,0
GO:0043086,"negative regulation of catalytic activity",0.400%, 2.826,-6.951,4.710,0.871,0.212,43086,0
GO:0035305,"negative regulation of dephosphorylation",0.021%,null,null,3.434,0.796,0.899,43086,1
GO:0010923,"negative regulation of phosphatase activity",0.018%,null,null,3.354,0.795,0.756,43086,1
GO:0071444,"cellular response to pheromone",0.022%, 0.485,-4.748,3.445,0.908,0.213,71444,0
GO:0016072,"rRNA metabolic process",0.965%,-0.055, 2.155,5.093,0.938,0.216,16072,0
GO:0051674,"localization of cell",0.633%, 2.017,-1.338,4.910,0.963,0.225,51674,0
GO:0023051,"regulation of signaling",0.934%, 2.862,-7.355,5.079,0.831,0.247,23051,0
GO:0009438,"methylglyoxal metabolic process",0.033%, 1.403, 5.381,3.626,0.836,0.259,9438,0
GO:0006089,"lactate metabolic process",0.042%, 1.478, 6.205,3.728,0.837,0.264,6089,0
GO:0006470,"protein dephosphorylation",0.585%, 1.723, 0.718,4.875,0.925,0.267,6470,0
GO:0007028,"cytoplasm organization",0.006%, 4.639, 2.723,2.900,0.818,0.278,7028,0
GO:0010646,"regulation of cell communication",0.929%, 2.809,-7.273,5.076,0.813,0.283,10646,0
GO:0048583,"regulation of response to stimulus",1.120%, 1.720,-7.031,5.158,0.822,0.289,48583,0
GO:0023041,"neuronal signal transduction",0.001%, 1.430,-7.718,2.004,0.829,0.306,23041,0
GO:0045216,"cell-cell junction organization",0.051%, 4.291, 3.238,3.814,0.782,0.319,45216,0
GO:0034329,"cell junction assembly",0.044%,null,null,3.754,0.774,0.978,45216,1
GO:0019991,"septate junction assembly",0.002%,null,null,2.394,0.809,0.812,45216,1
GO:0007043,"cell-cell junction assembly",0.025%,null,null,3.500,0.782,0.942,45216,1
GO:0043297,"apical junction assembly",0.015%,null,null,3.297,0.787,0.915,45216,1
GO:0034330,"cell junction organization",0.056%, 4.829, 4.028,3.855,0.793,0.323,34330,0
GO:0042325,"regulation of phosphorylation",0.468%, 3.553,-6.004,4.779,0.811,0.336,42325,0
GO:0019220,"regulation of phosphate metabolic process",0.579%,null,null,4.871,0.809,0.974,42325,1
GO:0045936,"negative regulation of phosphate metabolic process",0.182%,null,null,4.368,0.769,0.878,42325,1
GO:0010563,"negative regulation of phosphorus metabolic process",0.182%,null,null,4.368,0.771,0.877,42325,1
GO:0043650,"dicarboxylic acid biosynthetic process",0.530%, 1.253, 6.777,4.833,0.812,0.340,43650,0
GO:0030718,"germ-line stem cell population maintenance",0.005%,-7.278,-1.395,2.823,0.619,0.340,30718,0
GO:0045314,"regulation of compound eye photoreceptor development",0.001%,-5.735,-3.132,1.881,0.528,0.358,45314,0
GO:0042478,"regulation of eye photoreceptor cell development",0.001%,null,null,1.954,0.525,0.860,45314,1
GO:0051174,"regulation of phosphorus metabolic process",0.580%, 3.400,-5.551,4.872,0.823,0.361,51174,0
GO:0019933,"cAMP-mediated signaling",0.011%, 1.902,-7.000,3.169,0.800,0.365,19933,0
GO:0035146,"tube fusion",0.001%,-6.643,-0.812,2.121,0.602,0.368,35146,0
GO:0099131,"ATP hydrolysis coupled ion transmembrane transport",0.996%, 2.599,-1.594,5.106,0.951,0.375,99131,0
GO:0015991,"ATP hydrolysis coupled proton transport",0.163%,null,null,4.321,0.871,0.827,99131,1
GO:0099132,"ATP hydrolysis coupled cation transmembrane transport",0.729%,null,null,4.971,0.952,0.956,99131,1
GO:0007189,"adenylate cyclase-activating G-protein coupled receptor signaling pathway",0.016%, 1.754,-6.890,3.320,0.799,0.375,7189,0
GO:0009201,"ribonucleoside triphosphate biosynthetic process",0.577%, 1.868, 5.723,4.869,0.790,0.381,9201,0
GO:0046034,"ATP metabolic process",1.263%,null,null,5.210,0.774,0.875,9201,1
GO:0009205,"purine ribonucleoside triphosphate metabolic process",1.366%,null,null,5.244,0.778,0.971,9201,1
GO:0006119,"oxidative phosphorylation",0.250%,null,null,4.507,0.788,0.748,9201,1
GO:0010604,"positive regulation of macromolecule metabolic process",0.988%, 3.225,-6.824,5.103,0.817,0.383,10604,0
GO:0031325,"positive regulation of cellular metabolic process",1.004%,null,null,5.110,0.802,0.979,10604,1
GO:0051247,"positive regulation of protein metabolic process",0.463%,null,null,4.774,0.820,0.903,10604,1
GO:0051241,"negative regulation of multicellular organismal process",0.211%,null,null,4.432,0.475,0.842,10604,1
GO:0051240,"positive regulation of multicellular organismal process",0.303%,null,null,4.589,0.493,0.764,10604,1
GO:0022008,"neurogenesis",0.423%,null,null,4.735,0.436,0.924,10604,1
GO:2000026,"regulation of multicellular organismal development",0.416%,null,null,4.728,0.431,0.893,10604,1
GO:0051960,"regulation of nervous system development",0.172%,null,null,4.345,0.444,0.829,10604,1
GO:0061564,"axon development",0.129%,null,null,4.217,0.423,0.887,10604,1
GO:0030182,"neuron differentiation",0.334%,null,null,4.632,0.438,0.963,10604,1
GO:0009893,"positive regulation of metabolic process",1.048%,null,null,5.129,0.825,0.867,10604,1
GO:0031175,"neuron projection development",0.220%,null,null,4.451,0.406,0.934,10604,1
GO:0048667,"cell morphogenesis involved in neuron differentiation",0.148%,null,null,4.278,0.416,0.897,10604,1
GO:0048666,"neuron development",0.270%,null,null,4.539,0.437,0.944,10604,1
GO:0048699,"generation of neurons",0.366%,null,null,4.671,0.436,0.855,10604,1
GO:0010883,"regulation of lipid storage",0.010%, 3.487,-4.647,3.114,0.845,0.396,10883,0
GO:0032507,"maintenance of protein location in cell",0.057%,null,null,3.868,0.745,0.892,10883,1
GO:0051651,"maintenance of location in cell",0.067%,null,null,3.937,0.743,0.902,10883,1
GO:0045185,"maintenance of protein location",0.059%,null,null,3.880,0.842,0.799,10883,1
GO:0007010,"cytoskeleton organization",0.786%, 5.021, 1.556,5.004,0.845,0.396,7010,0
GO:0050808,"synapse organization",0.070%, 4.636, 4.095,3.956,0.790,0.402,50808,0
GO:0007568,"aging",0.088%,-7.057, 0.449,4.052,0.615,0.416,7568,0
GO:0009892,"negative regulation of metabolic process",1.260%, 3.186,-6.257,5.209,0.779,0.416,9892,0
GO:0032269,"negative regulation of cellular protein metabolic process",0.423%,null,null,4.734,0.764,0.781,9892,1
GO:0031324,"negative regulation of cellular metabolic process",1.165%,null,null,5.174,0.755,0.930,9892,1
GO:0051248,"negative regulation of protein metabolic process",0.435%,null,null,4.747,0.781,0.806,9892,1
GO:0048585,"negative regulation of response to stimulus",0.344%,null,null,4.645,0.758,0.765,9892,1
GO:0051093,"negative regulation of developmental process",0.188%,null,null,4.381,0.503,0.721,9892,1
GO:0051172,"negative regulation of nitrogen compound metabolic process",0.792%,null,null,5.007,0.777,0.841,9892,1
GO:0007349,"cellularization",0.006%,-7.443,-1.101,2.881,0.603,0.419,7349,0
GO:0006413,"translational initiation",0.518%, 1.031, 2.594,4.823,0.933,0.429,6413,0
GO:0001700,"embryonic development via the syncytial blastoderm",0.009%,-6.684,-1.103,3.067,0.589,0.430,1700,0
GO:0007424,"open tracheal system development",0.013%,-6.699,-1.262,3.221,0.582,0.449,7424,0
GO:0060446,"branching involved in open tracheal system development",0.003%,null,null,2.637,0.573,0.782,7424,1
GO:0035147,"branch fusion, open tracheal system",0.001%,null,null,2.117,0.596,0.821,7424,1
GO:0098722,"asymmetric stem cell division",0.005%,-0.347, 3.911,2.836,0.852,0.460,98722,0
GO:0007282,"cystoblast division",0.001%,null,null,2.064,0.548,0.844,98722,1
GO:0050968,"detection of chemical stimulus involved in sensory perception of pain",0.001%,-5.276,-4.048,1.973,0.702,0.463,50968,0
GO:0097435,"supramolecular fiber organization",0.345%, 4.042, 4.530,4.646,0.767,0.463,97435,0
GO:0010378,"temperature compensation of the circadian clock",0.000%, 1.163,-5.792,1.771,0.879,0.467,10378,0
GO:0051235,"maintenance of location",0.129%, 3.191,-6.164,4.219,0.845,0.468,51235,0
GO:0008340,"determination of adult lifespan",0.020%,-6.796,-1.270,3.413,0.580,0.469,8340,0
GO:0010259,"multicellular organism aging",0.023%,null,null,3.477,0.577,0.834,8340,1
GO:0010669,"epithelial structure maintenance",0.006%,-4.909,-4.545,2.918,0.594,0.475,10669,0
GO:0007167,"enzyme linked receptor protein signaling pathway",0.279%, 1.996,-6.659,4.554,0.745,0.476,7167,0
GO:0090662,"ATP hydrolysis coupled transmembrane transport",1.001%, 2.194,-1.344,5.109,0.958,0.478,90662,0
GO:0017145,"stem cell division",0.013%,-0.647, 4.769,3.214,0.847,0.482,17145,0
GO:0006528,"asparagine metabolic process",0.078%, 1.525, 6.279,4.003,0.824,0.482,6528,0
GO:0030030,"cell projection organization",0.608%, 3.825, 3.982,4.892,0.757,0.490,30030,0
GO:1904886,"beta-catenin destruction complex disassembly",0.000%, 4.805,-2.987,1.505,0.742,0.494,1904886,0
GO:0090090,"negative regulation of canonical Wnt signaling pathway",0.025%,null,null,3.513,0.675,0.928,1904886,1
GO:0060070,"canonical Wnt signaling pathway",0.061%,null,null,3.893,0.716,0.871,1904886,1
GO:0030111,"regulation of Wnt signaling pathway",0.071%,null,null,3.960,0.696,0.896,1904886,1
GO:0030177,"positive regulation of Wnt signaling pathway",0.028%,null,null,3.550,0.696,0.914,1904886,1
GO:0030178,"negative regulation of Wnt signaling pathway",0.037%,null,null,3.681,0.668,0.931,1904886,1
GO:0090263,"positive regulation of canonical Wnt signaling pathway",0.019%,null,null,3.386,0.702,0.911,1904886,1
GO:0060828,"regulation of canonical Wnt signaling pathway",0.047%,null,null,3.780,0.701,0.718,1904886,1
GO:0007552,"metamorphosis",0.031%,-7.060,-1.306,3.603,0.572,0.494,7552,0
GO:0042332,"gravitaxis",0.002%, 0.117,-5.010,2.294,0.916,0.495,42332,0
GO:0035114,"imaginal disc-derived appendage morphogenesis",0.021%,-7.041,-1.012,3.436,0.567,0.496,35114,0
GO:0048563,"post-embryonic animal organ morphogenesis",0.026%,null,null,3.527,0.539,0.974,35114,1
GO:0035120,"post-embryonic appendage morphogenesis",0.021%,null,null,3.427,0.554,0.887,35114,1
GO:0035107,"appendage morphogenesis",0.055%,null,null,3.846,0.546,0.925,35114,1
GO:0007478,"leg disc morphogenesis",0.004%,null,null,2.740,0.550,0.983,35114,1
GO:0007480,"imaginal disc-derived leg morphogenesis",0.004%,null,null,2.736,0.545,0.911,35114,1
GO:0048707,"instar larval or pupal morphogenesis",0.030%,null,null,3.587,0.551,0.961,35114,1
GO:0007476,"imaginal disc-derived wing morphogenesis",0.018%,null,null,3.368,0.512,0.989,35114,1
GO:0048737,"imaginal disc-derived appendage development",0.022%,null,null,3.443,0.572,0.874,35114,1
GO:0044087,"regulation of cellular component biogenesis",0.404%, 5.112,-3.054,4.715,0.772,0.499,44087,0
GO:0030865,"cortical cytoskeleton organization",0.035%, 5.191, 1.758,3.650,0.862,0.501,30865,0
GO:0044837,"actomyosin contractile ring organization",0.015%,null,null,3.285,0.782,0.944,30865,1
GO:0000915,"actomyosin contractile ring assembly",0.015%,null,null,3.285,0.742,0.944,30865,1
GO:0030866,"cortical actin cytoskeleton organization",0.032%,null,null,3.612,0.772,0.808,30865,1
GO:0031032,"actomyosin structure organization",0.059%,null,null,3.881,0.767,0.847,30865,1
GO:0007015,"actin filament organization",0.240%,null,null,4.488,0.745,0.949,30865,1
GO:0030036,"actin cytoskeleton organization",0.381%,null,null,4.690,0.737,0.711,30865,1
GO:0007264,"small GTPase mediated signal transduction",0.485%, 1.969,-6.921,4.794,0.746,0.502,7264,0
GO:0031329,"regulation of cellular catabolic process",0.093%, 4.716,-4.720,4.078,0.835,0.509,31329,0
GO:0001763,"morphogenesis of a branching structure",0.048%,-6.954,-1.088,3.790,0.564,0.510,1763,0
GO:0002165,"instar larval or pupal development",0.035%,-7.167,-1.318,3.650,0.557,0.511,2165,0
GO:0009886,"post-embryonic animal morphogenesis",0.035%,null,null,3.647,0.554,0.805,2165,1
GO:1902626,"assembly of large subunit precursor of preribosome",0.009%, 5.501, 1.498,3.039,0.873,0.512,1902626,0
GO:0000027,"ribosomal large subunit assembly",0.079%,null,null,4.005,0.852,0.825,1902626,1
GO:0000028,"ribosomal small subunit assembly",0.020%,null,null,3.409,0.864,0.749,1902626,1
GO:0042255,"ribosome assembly",0.164%,null,null,4.322,0.841,0.709,1902626,1
GO:0048569,"post-embryonic animal organ development",0.036%,-7.397,-1.405,3.667,0.553,0.516,48569,0
GO:0006530,"asparagine catabolic process",0.002%, 2.219, 4.770,2.350,0.847,0.525,6530,0
GO:0009894,"regulation of catabolic process",0.146%, 4.239,-4.187,4.272,0.850,0.530,9894,0
GO:0046578,"regulation of Ras protein signal transduction",0.194%, 1.943,-6.694,4.397,0.728,0.534,46578,0
GO:0023057,"negative regulation of signaling",0.290%,null,null,4.570,0.712,0.789,46578,1
GO:0010648,"negative regulation of cell communication",0.290%,null,null,4.571,0.752,0.790,46578,1
GO:0007265,"Ras protein signal transduction",0.225%,null,null,4.461,0.753,0.860,46578,1
GO:0046580,"negative regulation of Ras protein signal transduction",0.018%,null,null,3.369,0.727,0.823,46578,1
GO:0051056,"regulation of small GTPase mediated signal transduction",0.218%,null,null,4.447,0.727,0.868,46578,1
GO:0051058,"negative regulation of small GTPase mediated signal transduction",0.019%,null,null,3.385,0.726,0.825,46578,1
GO:1902531,"regulation of intracellular signal transduction",0.547%,null,null,4.846,0.712,0.930,46578,1
GO:1902532,"negative regulation of intracellular signal transduction",0.128%,null,null,4.216,0.696,0.928,46578,1
GO:0009968,"negative regulation of signal transduction",0.275%,null,null,4.548,0.682,0.778,46578,1
GO:0009966,"regulation of signal transduction",0.857%,null,null,5.041,0.705,0.874,46578,1
GO:0001580,"detection of chemical stimulus involved in sensory perception of bitter taste",0.004%,-5.167,-4.043,2.720,0.677,0.536,1580,0
GO:0006429,"leucyl-tRNA aminoacylation",0.054%, 1.318, 5.423,3.839,0.823,0.536,6429,0
GO:0060541,"respiratory system development",0.054%,-7.373,-1.210,3.840,0.551,0.559,60541,0
GO:0008038,"neuron recognition",0.012%,-6.652, 0.636,3.178,0.522,0.559,8038,0
GO:0016198,"axon choice point recognition",0.002%,null,null,2.423,0.490,0.828,8038,1
GO:0016199,"axon midline choice point recognition",0.002%,null,null,2.307,0.496,0.727,8038,1
GO:0009888,"tissue development",0.491%,-7.077, 0.256,4.799,0.600,0.562,9888,0
GO:0050793,"regulation of developmental process",1.205%,null,null,5.189,0.498,0.713,9888,1
GO:0048468,"cell development",0.573%,null,null,4.866,0.495,0.807,9888,1
GO:0030154,"cell differentiation",1.133%,null,null,5.162,0.493,0.780,9888,1
GO:0048736,"appendage development",0.062%,-6.790,-1.017,3.901,0.555,0.564,48736,0
GO:0009414,"response to water deprivation",0.022%, 0.436,-4.935,3.453,0.921,0.568,9414,0
GO:0007613,"memory",0.022%,-6.730,-2.572,3.441,0.642,0.568,7613,0
GO:0014706,"striated muscle tissue development",0.077%,-7.005, 0.304,3.995,0.613,0.573,14706,0
GO:0060429,"epithelium development",0.300%,null,null,4.585,0.581,0.818,14706,1
GO:0016331,"morphogenesis of embryonic epithelium",0.040%,null,null,3.707,0.522,0.882,14706,1
GO:0002009,"morphogenesis of an epithelium",0.153%,null,null,4.294,0.545,0.861,14706,1
GO:0060537,"muscle tissue development",0.081%,null,null,4.016,0.613,0.741,14706,1
GO:0060562,"epithelial tube morphogenesis",0.100%,null,null,4.108,0.502,0.943,14706,1
GO:0061138,"morphogenesis of a branching epithelium",0.042%,null,null,3.730,0.532,0.970,14706,1
GO:0035239,"tube morphogenesis",0.112%,null,null,4.158,0.516,0.856,14706,1
GO:0030707,"ovarian follicle cell development",0.018%,null,null,3.370,0.468,0.925,14706,1
GO:0002064,"epithelial cell development",0.065%,null,null,3.923,0.510,0.873,14706,1
GO:0002066,"columnar/cuboidal epithelial cell development",0.031%,null,null,3.604,0.528,0.832,14706,1
GO:0002065,"columnar/cuboidal epithelial cell differentiation",0.044%,null,null,3.756,0.533,0.711,14706,1
GO:0007519,"skeletal muscle tissue development",0.038%,null,null,3.688,0.534,0.946,14706,1
GO:0007444,"imaginal disc development",0.034%,null,null,3.644,0.526,0.738,14706,1
GO:0048729,"tissue morphogenesis",0.180%,null,null,4.362,0.552,0.872,14706,1
GO:0048754,"branching morphogenesis of an epithelial tube",0.035%,null,null,3.647,0.527,0.874,14706,1
GO:0016334,"establishment or maintenance of polarity of follicular epithelium",0.002%,-7.056, 1.178,2.312,0.612,0.581,16334,0
GO:0051239,"regulation of multicellular organismal process",0.628%,-4.215,-4.735,4.906,0.537,0.587,51239,0
GO:0006090,"pyruvate metabolic process",0.817%, 1.150, 6.357,5.021,0.802,0.603,6090,0
GO:0045333,"cellular respiration",0.984%, 0.529, 6.755,5.101,0.804,0.606,45333,0
GO:0015980,"energy derivation by oxidation of organic compounds",1.175%,null,null,5.178,0.803,0.853,45333,1
GO:0022904,"respiratory electron transport chain",0.367%,null,null,4.673,0.817,0.859,45333,1
GO:0042773,"ATP synthesis coupled electron transport",0.221%,null,null,4.452,0.788,0.878,45333,1
GO:2000178,"negative regulation of neural precursor cell proliferation",0.005%, 3.095,-5.445,2.838,0.788,0.618,2000178,0
GO:0007406,"negative regulation of neuroblast proliferation",0.003%,null,null,2.528,0.476,0.853,2000178,1
GO:0007405,"neuroblast proliferation",0.015%,null,null,3.298,0.517,0.862,2000178,1
GO:1902692,"regulation of neuroblast proliferation",0.007%,null,null,2.956,0.483,0.896,2000178,1
GO:1903827,"regulation of cellular protein localization",0.132%, 3.987,-5.057,4.229,0.831,0.618,1903827,0
GO:0050796,"regulation of insulin secretion",0.025%,null,null,3.500,0.699,0.856,1903827,1
GO:0050709,"negative regulation of protein secretion",0.020%,null,null,3.419,0.715,0.808,1903827,1
GO:0046676,"negative regulation of insulin secretion",0.005%,null,null,2.843,0.689,0.892,1903827,1
GO:0046185,"aldehyde catabolic process",0.048%, 2.129, 4.911,3.790,0.832,0.620,46185,0
GO:0000281,"mitotic cytokinesis",0.070%,-0.142, 6.539,3.953,0.811,0.626,281,0
GO:0000912,"assembly of actomyosin apparatus involved in cytokinesis",0.015%,null,null,3.288,0.763,0.887,281,1
GO:0032506,"cytokinetic process",0.192%,null,null,4.393,0.801,0.859,281,1
GO:0031991,"regulation of actomyosin contractile ring contraction",0.007%,null,null,2.955,0.775,0.846,281,1
GO:0061640,"cytoskeleton-dependent cytokinesis",0.080%,null,null,4.014,0.812,0.798,281,1
GO:0009612,"response to mechanical stimulus",0.035%, 0.694,-5.234,3.647,0.915,0.627,9612,0
GO:0007389,"pattern specification process",0.147%,-7.419,-1.249,4.274,0.532,0.630,7389,0
GO:0007291,"sperm individualization",0.003%,-6.655, 0.288,2.588,0.523,0.631,7291,0
GO:0007289,"spermatid nucleus differentiation",0.005%,null,null,2.810,0.492,0.785,7291,1
GO:0000578,"embryonic axis specification",0.014%,-7.035,-1.136,3.252,0.565,0.633,578,0
GO:0003002,"regionalization",0.117%,null,null,4.177,0.524,0.834,578,1
GO:0007351,"tripartite regional subdivision",0.009%,null,null,3.055,0.575,0.957,578,1
GO:0048598,"embryonic morphogenesis",0.171%,null,null,4.341,0.514,0.896,578,1
GO:0008595,"anterior/posterior axis specification, embryo",0.009%,null,null,3.055,0.574,0.909,578,1
GO:0009792,"embryo development ending in birth or egg hatching",0.155%,null,null,4.298,0.521,0.750,578,1
GO:0009953,"dorsal/ventral pattern formation",0.034%,null,null,3.641,0.555,0.885,578,1
GO:0008358,"maternal determination of anterior/posterior axis, embryo",0.005%,null,null,2.804,0.585,0.970,578,1
GO:0009791,"post-embryonic development",0.163%,-7.124,-1.127,4.320,0.529,0.636,9791,0
GO:0032272,"negative regulation of protein polymerization",0.045%, 5.407,-2.766,3.765,0.722,0.636,32272,0
GO:0031333,"negative regulation of protein complex assembly",0.058%,null,null,3.873,0.719,0.820,32272,1
GO:0030837,"negative regulation of actin filament polymerization",0.042%,null,null,3.736,0.632,0.963,32272,1
GO:0035295,"tube development",0.178%,-7.157,-1.187,4.359,0.527,0.643,35295,0
GO:0010001,"glial cell differentiation",0.038%,-6.328, 0.903,3.688,0.503,0.643,10001,0
GO:0042063,"gliogenesis",0.050%,null,null,3.809,0.497,0.704,10001,1
GO:0021782,"glial cell development",0.019%,null,null,3.378,0.515,0.922,10001,1
GO:0006935,"chemotaxis",0.475%,-0.097,-5.114,4.785,0.891,0.646,6935,0
GO:0042330,"taxis",0.480%,null,null,4.789,0.898,0.854,6935,1
GO:0048870,"cell motility",0.633%,null,null,4.910,0.783,0.877,6935,1
GO:0016477,"cell migration",0.293%,null,null,4.575,0.794,0.923,6935,1
GO:0035162,"embryonic hemopoiesis",0.010%,-6.562,-0.933,3.092,0.567,0.655,35162,0
GO:0002521,"leukocyte differentiation",0.095%,null,null,4.085,0.478,0.899,35162,1
GO:1903706,"regulation of hemopoiesis",0.065%,null,null,3.918,0.467,0.876,35162,1
GO:0030316,"osteoclast differentiation",0.018%,null,null,3.364,0.522,0.874,35162,1
GO:0030099,"myeloid cell differentiation",0.074%,null,null,3.977,0.485,0.774,35162,1
GO:0002573,"myeloid leukocyte differentiation",0.038%,null,null,3.693,0.502,0.846,35162,1
GO:0007173,"epidermal growth factor receptor signaling pathway",0.025%, 1.917,-6.718,3.505,0.780,0.655,7173,0
GO:0038127,"ERBB signaling pathway",0.027%,null,null,3.546,0.778,0.774,7173,1
GO:0035099,"hemocyte migration",0.001%,-5.795,-1.130,2.143,0.565,0.656,35099,0
GO:0040001,"establishment of mitotic spindle localization",0.016%, 4.584, 2.233,3.322,0.741,0.656,40001,0
GO:0051293,"establishment of spindle localization",0.019%,null,null,3.379,0.739,0.985,40001,1
GO:0051653,"spindle localization",0.020%,null,null,3.406,0.814,0.707,40001,1
GO:0019243,"methylglyoxal catabolic process to D-lactate via S-lactoyl-glutathione",0.021%, 2.529, 6.044,3.421,0.823,0.659,19243,0
GO:0061727,"methylglyoxal catabolic process to lactate",0.021%,null,null,3.427,0.822,0.999,19243,1
GO:0051596,"methylglyoxal catabolic process",0.021%,null,null,3.429,0.828,0.945,19243,1
GO:0009068,"aspartate family amino acid catabolic process",0.072%, 2.313, 6.084,3.964,0.816,0.661,9068,0
GO:0048646,"anatomical structure formation involved in morphogenesis",0.409%,-7.125, 0.271,4.720,0.588,0.662,48646,0
GO:0022603,"regulation of anatomical structure morphogenesis",0.830%,null,null,5.027,0.477,0.798,48646,1
GO:0000902,"cell morphogenesis",0.948%,null,null,5.085,0.438,0.869,48646,1
GO:0032989,"cellular component morphogenesis",0.994%,null,null,5.106,0.439,0.886,48646,1
GO:0045595,"regulation of cell differentiation",0.345%,null,null,4.645,0.458,0.835,48646,1
GO:0015988,"energy coupled proton transmembrane transport, against electrochemical gradient",0.170%, 2.727,-1.471,4.339,0.872,0.670,15988,0
GO:0007423,"sensory organ development",0.159%,-6.840,-1.093,4.309,0.514,0.670,7423,0
GO:0090596,"sensory organ morphogenesis",0.080%,null,null,4.013,0.521,0.921,7423,1
GO:0048592,"eye morphogenesis",0.053%,null,null,3.834,0.531,0.894,7423,1
GO:0009887,"animal organ morphogenesis",0.264%,null,null,4.530,0.495,0.778,7423,1
GO:0001654,"eye development",0.105%,null,null,4.131,0.521,0.724,7423,1
GO:0048749,"compound eye development",0.020%,null,null,3.405,0.563,0.837,7423,1
GO:0007391,"dorsal closure",0.005%,-7.436,-0.894,2.783,0.571,0.671,7391,0
GO:0042274,"ribosomal small subunit biogenesis",0.255%, 5.250, 1.659,4.515,0.880,0.673,42274,0
GO:0006364,"rRNA processing",0.952%,null,null,5.087,0.821,0.789,42274,1
GO:0006029,"proteoglycan metabolic process",0.028%,-0.116, 0.788,3.550,0.952,0.676,6029,0
GO:0009790,"embryo development",0.311%,-7.135,-1.137,4.600,0.511,0.677,9790,0
GO:0048513,"animal organ development",0.779%,null,null,5.000,0.473,0.888,9790,1
GO:0007399,"nervous system development",0.582%,null,null,4.873,0.483,0.861,9790,1
GO:0048731,"system development",1.264%,null,null,5.210,0.464,0.808,9790,1
GO:2000027,"regulation of organ morphogenesis",0.044%,-5.071,-3.604,3.748,0.478,0.679,2000027,0
GO:0030100,"regulation of endocytosis",0.046%, 4.842,-2.422,3.774,0.760,0.684,30100,0
GO:0042182,"ketone catabolic process",0.038%, 2.570, 5.745,3.693,0.826,0.685,42182,0
GO:0048858,"cell projection morphogenesis",0.168%,-4.672, 2.241,4.333,0.487,0.691,48858,0
GO:0010721,"negative regulation of cell development",0.055%,null,null,3.852,0.452,0.885,48858,1
GO:0007409,"axonogenesis",0.118%,null,null,4.179,0.421,0.966,48858,1
GO:0007411,"axon guidance",0.066%,null,null,3.930,0.398,0.925,48858,1
GO:0050770,"regulation of axonogenesis",0.033%,null,null,3.625,0.409,0.880,48858,1
GO:0050768,"negative regulation of neurogenesis",0.046%,null,null,3.775,0.405,0.904,48858,1
GO:0050767,"regulation of neurogenesis",0.146%,null,null,4.272,0.405,0.956,48858,1
GO:0000904,"cell morphogenesis involved in differentiation",0.188%,null,null,4.382,0.464,0.728,48858,1
GO:0097485,"neuron projection guidance",0.068%,null,null,3.940,0.399,0.927,48858,1
GO:0032990,"cell part morphogenesis",0.174%,null,null,4.349,0.494,0.716,48858,1
GO:0045664,"regulation of neuron differentiation",0.117%,null,null,4.177,0.411,0.890,48858,1
GO:0048812,"neuron projection morphogenesis",0.164%,null,null,4.323,0.411,0.990,48858,1
GO:0045596,"negative regulation of cell differentiation",0.128%,null,null,4.214,0.442,0.868,48858,1
GO:0060284,"regulation of cell development",0.174%,null,null,4.350,0.459,0.813,48858,1
GO:0031339,"negative regulation of vesicle fusion",0.001%, 5.468,-1.611,1.991,0.711,0.692,31339,0
GO:0031631,"negative regulation of synaptic vesicle fusion to presynaptic membrane",0.000%,null,null,0.954,0.695,0.787,31339,1
GO:0031630,"regulation of synaptic vesicle fusion to presynaptic membrane",0.000%,null,null,1.799,0.695,0.709,31339,1
GO:0007447,"imaginal disc pattern formation",0.005%,-6.697,-0.939,2.812,0.552,0.694,7447,0
GO:0035222,"wing disc pattern formation",0.004%,null,null,2.667,0.557,0.958,7447,1
GO:0035220,"wing disc development",0.025%,null,null,3.509,0.526,0.877,7447,1
GO:0007560,"imaginal disc morphogenesis",0.024%,null,null,3.493,0.511,0.988,7447,1
GO:0007491,"sternite morphogenesis",0.023%,null,null,3.473,0.510,0.982,7447,1
GO:0007472,"wing disc morphogenesis",0.019%,null,null,3.379,0.517,0.945,7447,1
GO:0048190,"wing disc dorsal/ventral pattern formation",0.003%,null,null,2.544,0.563,0.781,7447,1
GO:0007450,"dorsal/ventral pattern formation, imaginal disc",0.003%,null,null,2.577,0.562,0.945,7447,1
GO:0071214,"cellular response to abiotic stimulus",0.113%, 0.536,-5.544,4.162,0.894,0.696,71214,0
